-- phpMyAdmin SQL Dump
-- version 4.9.1
-- https://www.phpmyadmin.net/
--
-- Servidor: localhost
-- Tiempo de generación: 17-06-2021 a las 18:32:34
-- Versión del servidor: 8.0.17
-- Versión de PHP: 7.3.10

SET SQL_MODE = "NO_AUTO_VALUE_ON_ZERO";
SET AUTOCOMMIT = 0;
START TRANSACTION;
SET time_zone = "+00:00";


/*!40101 SET @OLD_CHARACTER_SET_CLIENT=@@CHARACTER_SET_CLIENT */;
/*!40101 SET @OLD_CHARACTER_SET_RESULTS=@@CHARACTER_SET_RESULTS */;
/*!40101 SET @OLD_COLLATION_CONNECTION=@@COLLATION_CONNECTION */;
/*!40101 SET NAMES utf8mb4 */;

--
-- Base de datos: `vestuario2021`
--

-- --------------------------------------------------------

--
-- Estructura de tabla para la tabla `cat_areas_vestuario`
--

CREATE TABLE `cat_areas_vestuario` (
  `idareasvest` int(10) UNSIGNED NOT NULL,
  `nombre_area` varchar(255) COLLATE utf8_spanish_ci NOT NULL
) ENGINE=InnoDB DEFAULT CHARSET=utf8 COLLATE=utf8_spanish_ci;

--
-- Volcado de datos para la tabla `cat_areas_vestuario`
--

INSERT INTO `cat_areas_vestuario` (`idareasvest`, `nombre_area`) VALUES
(1, 'JURISDICCION SANITARIA I PACHUCA'),
(2, 'JURISDICCION SANITARIA II TULANCINGO'),
(3, 'JURISDICCION SANITARIA III TULA'),
(4, 'JURISDICCION SANITARIA IV HUICHAPAN'),
(5, 'JURISDICCION SANITARIA V ZIMAPAN'),
(6, 'JURISDICCION SANITARIA VI IXMIQUILPAN'),
(7, 'JURISDICCION SANITARIA VII ACTOPAN'),
(8, 'JURISDICCION SANITARIA VIII METZTITLAN'),
(9, 'JURISDICCION SANITARIA IX MOLANGO'),
(10, 'JURISDICCION SANITARIA X HUEJUTLA'),
(11, 'JURISDICCION SANITARIA XI APAN'),
(12, 'JURISDICCION SANITARIA XII TIZAYUCA'),
(13, 'JURISDICCION SANITARIA XIII OTOMI-TEPEHUA'),
(14, 'JURISDICCION SANITARIA XIV TEPEJI'),
(15, 'JURISDICCION SANITARIA XV ATOTONILCO'),
(16, 'JURISDICCION SANITARIA XVI JACALA'),
(17, 'JURISDICCION SANITARIA XVII ZACUALTIPAN'),
(18, 'UNEME CAPA IXMIQUILPAN'),
(19, 'UNEME CAPA SAHAGUN'),
(20, 'UNEME CAPA SAN FELIPE ORIZATLAN'),
(21, 'UNEME CAPA TULA'),
(22, 'UNEME EC PACHUCA'),
(23, 'UNEME EC TULA'),
(24, 'DIRECCION DE PRIMER NIVEL DE ATENCION');

-- --------------------------------------------------------

--
-- Estructura de tabla para la tabla `cat_clues_vest`
--

CREATE TABLE `cat_clues_vest` (
  `idclues` int(10) UNSIGNED NOT NULL,
  `clues` varchar(18) COLLATE utf8_spanish_ci NOT NULL,
  `nom_mpio` varchar(255) COLLATE utf8_spanish_ci NOT NULL,
  `mpio` varchar(10) COLLATE utf8_spanish_ci NOT NULL,
  `nom_juris` varchar(255) COLLATE utf8_spanish_ci NOT NULL,
  `juris` varchar(10) COLLATE utf8_spanish_ci NOT NULL,
  `nom_clues` varchar(255) COLLATE utf8_spanish_ci NOT NULL
) ENGINE=InnoDB DEFAULT CHARSET=utf8 COLLATE=utf8_spanish_ci;

--
-- Volcado de datos para la tabla `cat_clues_vest`
--

INSERT INTO `cat_clues_vest` (`idclues`, `clues`, `nom_mpio`, `mpio`, `nom_juris`, `juris`, `nom_clues`) VALUES
(1, 'HGSSA001170', 'EPAZOYUCAN', '022', 'PACHUCA', '1', 'EPAZOYUCAN'),
(2, 'HGSSA001182', 'EPAZOYUCAN', '022', 'PACHUCA', '1', 'SAN JUAN TIZAHUAPAN'),
(3, 'HGSSA001194', 'EPAZOYUCAN', '022', 'PACHUCA', '1', 'SANTA MONICA'),
(4, 'HGSSA002063', 'MINERAL DEL MONTE', '039', 'PACHUCA', '1', 'MINERAL DEL MONTE'),
(5, 'HGSSA002565', 'PACHUCA DE SOTO', '048', 'PACHUCA', '1', 'ABRAHAM KANAN HUEBE'),
(6, 'HGSSA007953', 'PACHUCA DE SOTO', '048', 'PACHUCA', '1', 'CENTRO DE SALUD LUZ DEL CARMEN'),
(7, 'HGSSA007680', 'PACHUCA DE SOTO', '048', 'PACHUCA', '1', 'CENTRO DE SALUD RURAL HUIXMÍ'),
(8, 'HGSSA002454', 'PACHUCA DE SOTO', '048', 'PACHUCA', '1', 'COLONIA AQUILES SERDÁN'),
(9, 'HGSSA002466', 'PACHUCA DE SOTO', '048', 'PACHUCA', '1', 'COLONIA BUENOS AIRES'),
(10, 'HGSSA002471', 'PACHUCA DE SOTO', '048', 'PACHUCA', '1', 'COLONIA CUAUHTÉMOC'),
(11, 'HGSSA002536', 'PACHUCA DE SOTO', '048', 'PACHUCA', '1', 'COLONIA CUBITOS'),
(12, 'HGSSA002524', 'PACHUCA DE SOTO', '048', 'PACHUCA', '1', 'COLONIA EL ARBOLITO'),
(13, 'HGSSA002541', 'PACHUCA DE SOTO', '048', 'PACHUCA', '1', 'COLONIA LA RAZA'),
(14, 'HGSSA002495', 'PACHUCA DE SOTO', '048', 'PACHUCA', '1', 'COLONIA ROJO GÓMEZ'),
(15, 'HGSSA004810', 'PACHUCA DE SOTO', '048', 'PACHUCA', '1', 'GUADALUPE'),
(16, 'HGSSA015294', 'PACHUCA DE SOTO', '048', 'PACHUCA', '1', 'JURISDICCION SANITARIA I PACHUCA'),
(17, 'HGSSA002512', 'PACHUCA DE SOTO', '048', 'PACHUCA', '1', 'LA ALCANTARILLA'),
(18, 'HGSSA002570', 'PACHUCA DE SOTO', '048', 'PACHUCA', '1', 'PACHUCA (DR. JESÚS DEL ROSAL)'),
(19, 'HGSSA002582', 'PACHUCA DE SOTO', '048', 'PACHUCA', '1', 'SAN MIGUEL EL CEREZO EL CEREZO'),
(20, 'HGSSA004542', 'PACHUCA DE SOTO', '048', 'PACHUCA', '1', 'SANTA MARÍA MATILDE'),
(21, 'HGSSA002594', 'PACHUCA DE SOTO', '048', 'PACHUCA', '1', 'SANTIAGO TLAPACOYA'),
(22, 'HGSSA017994', 'MINERAL DE LA REFORMA', '051', 'PACHUCA', '1', 'AZOYATLA'),
(23, 'HGSSA005061', 'MINERAL DE LA REFORMA', '051', 'PACHUCA', '1', 'CENTRO DE SALUD SANTA MARÍA LA CALERA'),
(24, 'HGSSA004571', 'MINERAL DE LA REFORMA', '051', 'PACHUCA', '1', 'COL. ÁVILA CAMACHO'),
(25, 'HGSSA004566', 'MINERAL DE LA REFORMA', '051', 'PACHUCA', '1', 'DOS CARLOS PUEBLO NUEVO'),
(26, 'HGSSA004583', 'MINERAL DE LA REFORMA', '051', 'PACHUCA', '1', 'EL SAUCILLO'),
(27, 'HGSSA002681', 'MINERAL DE LA REFORMA', '051', 'PACHUCA', '1', 'LA PROVIDENCIA'),
(28, 'HGSSA002676', 'MINERAL DE LA REFORMA', '051', 'PACHUCA', '1', 'PACHUQUILLA'),
(29, 'HGSSA002705', 'SAN AGUSTIN TLAXIACA', '052', 'PACHUCA', '1', 'IXCUINQUITLAPILCO'),
(30, 'HGSSA002710', 'SAN AGUSTIN TLAXIACA', '052', 'PACHUCA', '1', 'PUERTO MÉXICO'),
(31, 'HGSSA002693', 'SAN AGUSTIN TLAXIACA', '052', 'PACHUCA', '1', 'SAN AGUSTÍN TLAXIACA'),
(32, 'HGSSA002722', 'SAN AGUSTIN TLAXIACA', '052', 'PACHUCA', '1', 'SAN JUAN SOLIS'),
(33, 'HGSSA002734', 'SAN AGUSTIN TLAXIACA', '052', 'PACHUCA', '1', 'SAN JUAN TILCUAUTLA'),
(34, 'HGSSA002746', 'SAN AGUSTIN TLAXIACA', '052', 'PACHUCA', '1', 'SAN MIGUEL TORNACUXTLA'),
(35, 'HGSSA000931', 'CUAUTEPEC DE HINOJOSA', '016', 'TULANCINGO', '2', 'ALMOLOYA'),
(36, 'HGSSA000873', 'CUAUTEPEC DE HINOJOSA', '016', 'TULANCINGO', '2', 'CUAUTEPEC DE HINOJOSA'),
(37, 'HGSSA000885', 'CUAUTEPEC DE HINOJOSA', '016', 'TULANCINGO', '2', 'EL CAPULIN'),
(38, 'HGSSA000890', 'CUAUTEPEC DE HINOJOSA', '016', 'TULANCINGO', '2', 'HUEYAPITA'),
(39, 'HGSSA000943', 'CUAUTEPEC DE HINOJOSA', '016', 'TULANCINGO', '2', 'LA CAÑADA'),
(40, 'HGSSA000902', 'CUAUTEPEC DE HINOJOSA', '016', 'TULANCINGO', '2', 'LAS PUENTES'),
(41, 'HGSSA000914', 'CUAUTEPEC DE HINOJOSA', '016', 'TULANCINGO', '2', 'SANTA MARÍA NATIVITAS'),
(42, 'HGSSA000926', 'CUAUTEPEC DE HINOJOSA', '016', 'TULANCINGO', '2', 'TECOCOMULCO'),
(43, 'HGSSA004501', 'CUAUTEPEC DE HINOJOSA', '016', 'TULANCINGO', '2', 'TEPANTITLA'),
(44, 'HGSSA003002', 'SANTIAGO TULANTEPEC DE LUGO GUERRERO', '056', 'TULANCINGO', '2', 'EL PEDREGAL DE SAN JOSÉ'),
(45, 'HGSSA002990', 'SANTIAGO TULANTEPEC DE LUGO GUERRERO', '056', 'TULANCINGO', '2', 'SANTIAGO TULANTEPEC DE LUGO GUERRERO'),
(46, 'HGSSA003026', 'SINGUILUCAN', '057', 'TULANCINGO', '2', 'MATIAS RODRÍGUEZ'),
(47, 'HGSSA003031', 'SINGUILUCAN', '057', 'TULANCINGO', '2', 'PLUTARCO ELIAS CALLES'),
(48, 'HGSSA003014', 'SINGUILUCAN', '057', 'TULANCINGO', '2', 'SINGUILUCAN'),
(49, 'HGSSA004151', 'TULANCINGO DE BRAVO', '077', 'TULANCINGO', '2', 'EJIDO EL PARAÍSO'),
(50, 'HGSSA004110', 'TULANCINGO DE BRAVO', '077', 'TULANCINGO', '2', 'HUAJOMULCO'),
(51, 'HGSSA004146', 'TULANCINGO DE BRAVO', '077', 'TULANCINGO', '2', 'JAVIER ROJO GÓMEZ'),
(52, 'HGSSA015306', 'TULANCINGO DE BRAVO', '077', 'TULANCINGO', '2', 'JURISDICCION SANITARIA II TULANCINGO'),
(53, 'HGSSA004694', 'TULANCINGO DE BRAVO', '077', 'TULANCINGO', '2', 'NICOLÁS BRAVO'),
(54, 'HGSSA004122', 'TULANCINGO DE BRAVO', '077', 'TULANCINGO', '2', 'SANTA ANA HUEYTLALPAN'),
(55, 'HGSSA004134', 'TULANCINGO DE BRAVO', '077', 'TULANCINGO', '2', 'SANTA MARÍA ASUNCIÓN'),
(56, 'HGSSA004105', 'TULANCINGO DE BRAVO', '077', 'TULANCINGO', '2', 'TULANCINGO'),
(57, 'HGSSA003434', 'TEPETITLAN', '064', 'TULA', '3', 'GENERAL PEDRO MARÍA ANAYA'),
(58, 'HGSSA003446', 'TEPETITLAN', '064', 'TULA', '3', 'JOSÉ MARÍA PINO SUÁREZ'),
(59, 'HGSSA003451', 'TEPETITLAN', '064', 'TULA', '3', 'SAN PEDRO NEXTLALPAN'),
(60, 'HGSSA003422', 'TEPETITLAN', '064', 'TULA', '3', 'TEPETITLAN'),
(61, 'HGSSA004752', 'TEZONTEPEC DE ALDAMA', '067', 'TULA', '3', 'ACHICHILCO'),
(62, 'HGSSA003521', 'TEZONTEPEC DE ALDAMA', '067', 'TULA', '3', 'ATENGO'),
(63, 'HGSSA004612', 'TEZONTEPEC DE ALDAMA', '067', 'TULA', '3', 'HUITEL'),
(64, 'HGSSA004834', 'TEZONTEPEC DE ALDAMA', '067', 'TULA', '3', 'LA CRUZ'),
(65, 'HGSSA004636', 'TEZONTEPEC DE ALDAMA', '067', 'TULA', '3', 'MANGAS'),
(66, 'HGSSA004624', 'TEZONTEPEC DE ALDAMA', '067', 'TULA', '3', 'PRESAS'),
(67, 'HGSSA004641', 'TEZONTEPEC DE ALDAMA', '067', 'TULA', '3', 'SAN GABRIEL'),
(68, 'HGSSA003533', 'TEZONTEPEC DE ALDAMA', '067', 'TULA', '3', 'SANTA MARÍA BATHA'),
(69, 'HGSSA003516', 'TEZONTEPEC DE ALDAMA', '067', 'TULA', '3', 'SANTIAGO ACAYUTLAN'),
(70, 'HGSSA003545', 'TEZONTEPEC DE ALDAMA', '067', 'TULA', '3', 'TENANGO'),
(71, 'HGSSA003504', 'TEZONTEPEC DE ALDAMA', '067', 'TULA', '3', 'TEZONTEPEC'),
(72, 'HGSSA004822', 'TLAHUELILPAN', '070', 'TULA', '3', 'COLONIA CERRO DE LA CRUZ'),
(73, 'HGSSA003673', 'TLAHUELILPAN', '070', 'TULA', '3', 'COLONIA CUAUHTÉMOC'),
(74, 'HGSSA003661', 'TLAHUELILPAN', '070', 'TULA', '3', 'MUNITEPEC DE MADERO'),
(75, 'HGSSA003656', 'TLAHUELILPAN', '070', 'TULA', '3', 'TLAHUELILPAN'),
(76, 'HGSSA004011', 'TULA DE ALLENDE', '076', 'TULA', '3', 'BOMINTZHA'),
(77, 'HGSSA004682', 'TULA DE ALLENDE', '076', 'TULA', '3', 'COLONIA EL MONTECILLO'),
(78, 'HGSSA004670', 'TULA DE ALLENDE', '076', 'TULA', '3', 'COLONIA ITURBE'),
(79, 'HGSSA003994', 'TULA DE ALLENDE', '076', 'TULA', '3', 'EL LLANO PRIMERA SECCIÓN'),
(80, 'HGSSA003982', 'TULA DE ALLENDE', '076', 'TULA', '3', 'HÉROES CARRANZA'),
(81, 'HGSSA015311', 'TULA DE ALLENDE', '076', 'TULA', '3', 'JURISDICCION SANITARIA III TULA'),
(82, 'HGSSA004006', 'TULA DE ALLENDE', '076', 'TULA', '3', 'MICHIMALOYA'),
(83, 'HGSSA004781', 'TULA DE ALLENDE', '076', 'TULA', '3', 'PUEBLO NUEVO JASSO'),
(84, 'HGSSA004035', 'TULA DE ALLENDE', '076', 'TULA', '3', 'SAN ANDRÉS TULTEPEC'),
(85, 'HGSSA004653', 'TULA DE ALLENDE', '076', 'TULA', '3', 'SAN FRANCISCO BOJAY'),
(86, 'HGSSA004665', 'TULA DE ALLENDE', '076', 'TULA', '3', 'SAN MARCOS'),
(87, 'HGSSA004040', 'TULA DE ALLENDE', '076', 'TULA', '3', 'SAN MIGUEL DE LAS PIEDRAS PRIMERA SECCIÓN'),
(88, 'HGSSA004052', 'TULA DE ALLENDE', '076', 'TULA', '3', 'SAN MIGUEL VINDHO'),
(89, 'HGSSA004064', 'TULA DE ALLENDE', '076', 'TULA', '3', 'SAN PEDRITO ALPUYECA'),
(90, 'HGSSA004076', 'TULA DE ALLENDE', '076', 'TULA', '3', 'SANTA ANA AHUEHUEPAN'),
(91, 'HGSSA003965', 'TULA DE ALLENDE', '076', 'TULA', '3', 'TULA DE ALLENDE'),
(92, 'HGSSA003970', 'TULA DE ALLENDE', '076', 'TULA', '3', 'XITEJE DE ZAPATA'),
(93, 'HGSSA004023', 'TULA DE ALLENDE', '076', 'TULA', '3', 'XITHEJE DE REFORMA'),
(94, 'HGSSA004081', 'TULA DE ALLENDE', '076', 'TULA', '3', 'XOCHITLAN DE LAS FLORES'),
(95, 'HGSSA000955', 'CHAPANTONGO', '017', 'HUICHAPAN', '4', 'CHAPANTONGO'),
(96, 'HGSSA000960', 'CHAPANTONGO', '017', 'HUICHAPAN', '4', 'SAN BARTOLO OZOCALPAN'),
(97, 'HGSSA000972', 'CHAPANTONGO', '017', 'HUICHAPAN', '4', 'TLAUNILOLPAN'),
(98, 'HGSSA004513', 'CHAPANTONGO', '017', 'HUICHAPAN', '4', 'ZIMAPANTONGO'),
(99, 'HGSSA001520', 'HUICHAPAN', '029', 'HUICHAPAN', '4', 'DANTZIBOJAY'),
(100, 'HGSSA001515', 'HUICHAPAN', '029', 'HUICHAPAN', '4', 'HUICHAPAN'),
(101, 'HGSSA015323', 'HUICHAPAN', '029', 'HUICHAPAN', '4', 'JURISDICCION SANITARIA IV HUICHAPAN'),
(102, 'HGSSA001532', 'HUICHAPAN', '029', 'HUICHAPAN', '4', 'LLANO LARGO'),
(103, 'HGSSA001544', 'HUICHAPAN', '029', 'HUICHAPAN', '4', 'MAMITHI'),
(104, 'HGSSA001556', 'HUICHAPAN', '029', 'HUICHAPAN', '4', 'MANEY'),
(105, 'HGSSA001561', 'HUICHAPAN', '029', 'HUICHAPAN', '4', 'SAN JOSÉ ATLAN'),
(106, 'HGSSA001573', 'HUICHAPAN', '029', 'HUICHAPAN', '4', 'TAGUI'),
(107, 'HGSSA001585', 'HUICHAPAN', '029', 'HUICHAPAN', '4', 'TLAXCALILLA'),
(108, 'HGSSA002261', 'NOPALA DE VILLAGRAN', '044', 'HUICHAPAN', '4', 'BATHA'),
(109, 'HGSSA002273', 'NOPALA DE VILLAGRAN', '044', 'HUICHAPAN', '4', 'JAGUEY'),
(110, 'HGSSA002256', 'NOPALA DE VILLAGRAN', '044', 'HUICHAPAN', '4', 'NOPALA'),
(111, 'HGSSA002285', 'NOPALA DE VILLAGRAN', '044', 'HUICHAPAN', '4', 'S. SEBASTIAN TENOCH'),
(112, 'HGSSA002290', 'NOPALA DE VILLAGRAN', '044', 'HUICHAPAN', '4', 'SAN SEBASTIAN JUÁREZ'),
(113, 'HGSSA007653', 'TECOZAUTLA', '059', 'HUICHAPAN', '4', 'CENTRO DE SALUD BOMANXOTHA'),
(114, 'HGSSA003096', 'TECOZAUTLA', '059', 'HUICHAPAN', '4', 'EL SALTO'),
(115, 'HGSSA015655', 'TECOZAUTLA', '059', 'HUICHAPAN', '4', 'LA ESQUINA'),
(116, 'HGSSA003084', 'TECOZAUTLA', '059', 'HUICHAPAN', '4', 'LA MESILLA'),
(117, 'HGSSA003101', 'TECOZAUTLA', '059', 'HUICHAPAN', '4', 'SAN ANTONIO'),
(118, 'HGSSA003113', 'TECOZAUTLA', '059', 'HUICHAPAN', '4', 'SAN FRANCISCO'),
(119, 'HGSSA003125', 'TECOZAUTLA', '059', 'HUICHAPAN', '4', 'SAN JOAQUÍN'),
(120, 'HGSSA003130', 'TECOZAUTLA', '059', 'HUICHAPAN', '4', 'SAN MIGUEL CALTEPANTLA'),
(121, 'HGSSA003072', 'TECOZAUTLA', '059', 'HUICHAPAN', '4', 'TECOZAUTLA'),
(122, 'HGSSA003142', 'TECOZAUTLA', '059', 'HUICHAPAN', '4', 'UXDEJHE'),
(123, 'HGSSA002220', 'NICOLAS FLORES', '043', 'ZIMAPAN', '5', 'EL BOCUA'),
(124, 'HGSSA002232', 'NICOLAS FLORES', '043', 'ZIMAPAN', '5', 'ITATLAXCO'),
(125, 'HGSSA002215', 'NICOLAS FLORES', '043', 'ZIMAPAN', '5', 'NICOLÁS FLORES'),
(126, 'HGSSA002244', 'NICOLAS FLORES', '043', 'ZIMAPAN', '5', 'TAXHAY'),
(127, 'HGSSA002396', 'PACULA', '047', 'ZIMAPAN', '5', 'JILIAPAN'),
(128, 'HGSSA002401', 'PACULA', '047', 'ZIMAPAN', '5', 'POTRERILLOS'),
(129, 'HGSSA002413', 'PACULA', '047', 'ZIMAPAN', '5', 'SANTA MARÍA MIRAFLORES'),
(130, 'HGSSA003055', 'TASQUILLO', '058', 'ZIMAPAN', '5', 'CANDELARIA'),
(131, 'HGSSA003060', 'TASQUILLO', '058', 'ZIMAPAN', '5', 'DANGHU'),
(132, 'HGSSA004600', 'TASQUILLO', '058', 'ZIMAPAN', '5', 'MUNTZI'),
(133, 'HGSSA003043', 'TASQUILLO', '058', 'ZIMAPAN', '5', 'TASQUILLO'),
(134, 'HGSSA004402', 'ZIMAPAN', '084', 'ZIMAPAN', '5', 'AGUAS BLANCAS'),
(135, 'HGSSA004414', 'ZIMAPAN', '084', 'ZIMAPAN', '5', 'EL CERROTE'),
(136, 'HGSSA004431', 'ZIMAPAN', '084', 'ZIMAPAN', '5', 'FRANCISCO I MADERO GUADALUPE'),
(137, 'HGSSA015335', 'ZIMAPAN', '084', 'ZIMAPAN', '5', 'JURISDICCION SANITARIA V ZIMAPAN'),
(138, 'HGSSA004426', 'ZIMAPAN', '084', 'ZIMAPAN', '5', 'LA ENCARNACIÓN'),
(139, 'HGSSA004443', 'ZIMAPAN', '084', 'ZIMAPAN', '5', 'LÁZARO CÁRDENAS REMEDIOS'),
(140, 'HGSSA004455', 'ZIMAPAN', '084', 'ZIMAPAN', '5', 'PUERTO JUÁREZ'),
(141, 'HGSSA004390', 'ZIMAPAN', '084', 'ZIMAPAN', '5', 'ZIMAPAN'),
(142, 'HGSSA015631', 'ALFAJAYUCAN', '006', 'IXMIQUILPAN', '6', 'ALFAJAYUCAN'),
(143, 'HGSSA000330', 'ALFAJAYUCAN', '006', 'IXMIQUILPAN', '6', 'LA SALITRERA'),
(144, 'HGSSA000342', 'ALFAJAYUCAN', '006', 'IXMIQUILPAN', '6', 'SAN FRANCISCO SACACHICHILCO'),
(145, 'HGSSA000354', 'ALFAJAYUCAN', '006', 'IXMIQUILPAN', '6', 'SAN PABLO OXTOTIPAN'),
(146, 'HGSSA000366', 'ALFAJAYUCAN', '006', 'IXMIQUILPAN', '6', 'SANTA MARÍA XIGUI'),
(147, 'HGSSA000716', 'CARDONAL', '015', 'IXMIQUILPAN', '6', 'CARDONAL'),
(148, 'HGSSA000745', 'CARDONAL', '015', 'IXMIQUILPAN', '6', 'CIENEGUILLA'),
(149, 'HGSSA000721', 'CARDONAL', '015', 'IXMIQUILPAN', '6', 'EL BINGU'),
(150, 'HGSSA000733', 'CARDONAL', '015', 'IXMIQUILPAN', '6', 'EL BUENA'),
(151, 'HGSSA000750', 'CARDONAL', '015', 'IXMIQUILPAN', '6', 'EL DECA'),
(152, 'HGSSA000856', 'CARDONAL', '015', 'IXMIQUILPAN', '6', 'EL SAUZ JUXMAYE'),
(153, 'HGSSA000861', 'CARDONAL', '015', 'IXMIQUILPAN', '6', 'EL TIXQUI'),
(154, 'HGSSA000762', 'CARDONAL', '015', 'IXMIQUILPAN', '6', 'LA MESA'),
(155, 'HGSSA000774', 'CARDONAL', '015', 'IXMIQUILPAN', '6', 'POZUELOS'),
(156, 'HGSSA000786', 'CARDONAL', '015', 'IXMIQUILPAN', '6', 'SAN ANDRÉS DABOXTHA'),
(157, 'HGSSA000791', 'CARDONAL', '015', 'IXMIQUILPAN', '6', 'SAN ANTONIO SABANILLAS'),
(158, 'HGSSA000803', 'CARDONAL', '015', 'IXMIQUILPAN', '6', 'SAN CRISTÓBAL'),
(159, 'HGSSA000820', 'CARDONAL', '015', 'IXMIQUILPAN', '6', 'SAN MIGUEL JIGUI'),
(160, 'HGSSA000815', 'CARDONAL', '015', 'IXMIQUILPAN', '6', 'SAN MIGUEL TLAZINTLA'),
(161, 'HGSSA000832', 'CARDONAL', '015', 'IXMIQUILPAN', '6', 'SANTA TERESA DABOXTHA'),
(162, 'HGSSA000844', 'CARDONAL', '015', 'IXMIQUILPAN', '6', 'SANTUARIO MAPETHÉ'),
(163, 'HGSSA004525', 'CHILCUAUTLA', '019', 'IXMIQUILPAN', '6', 'BETHÍ'),
(164, 'HGSSA001054', 'CHILCUAUTLA', '019', 'IXMIQUILPAN', '6', 'CHILCUAUTLA'),
(165, 'HGSSA001066', 'CHILCUAUTLA', '019', 'IXMIQUILPAN', '6', 'EL DADHO'),
(166, 'HGSSA001071', 'CHILCUAUTLA', '019', 'IXMIQUILPAN', '6', 'HUITEXCALCO DE MORELOS'),
(167, 'HGSSA001083', 'CHILCUAUTLA', '019', 'IXMIQUILPAN', '6', 'SANTA ANA BATHA'),
(168, 'HGSSA001095', 'CHILCUAUTLA', '019', 'IXMIQUILPAN', '6', 'TEXCATEPEC'),
(169, 'HGSSA004851', 'IXMIQUILPAN', '030', 'IXMIQUILPAN', '6', 'CERRITOS'),
(170, 'HGSSA001783', 'IXMIQUILPAN', '030', 'IXMIQUILPAN', '6', 'COLONIA GENERAL FELIPE ÁNGELES'),
(171, 'HGSSA001626', 'IXMIQUILPAN', '030', 'IXMIQUILPAN', '6', 'CUESTA COLORADA'),
(172, 'HGSSA001643', 'IXMIQUILPAN', '030', 'IXMIQUILPAN', '6', 'DEXTHI SAN JUANICO'),
(173, 'HGSSA001655', 'IXMIQUILPAN', '030', 'IXMIQUILPAN', '6', 'DIOS PADRE'),
(174, 'HGSSA001614', 'IXMIQUILPAN', '030', 'IXMIQUILPAN', '6', 'EL ALBERTO'),
(175, 'HGSSA001631', 'IXMIQUILPAN', '030', 'IXMIQUILPAN', '6', 'EL DEFAY'),
(176, 'HGSSA001660', 'IXMIQUILPAN', '030', 'IXMIQUILPAN', '6', 'EL ESPIRITU'),
(177, 'HGSSA004735', 'IXMIQUILPAN', '030', 'IXMIQUILPAN', '6', 'EL NITH'),
(178, 'HGSSA004846', 'IXMIQUILPAN', '030', 'IXMIQUILPAN', '6', 'EL TABLON'),
(179, 'HGSSA001771', 'IXMIQUILPAN', '030', 'IXMIQUILPAN', '6', 'EL TEPHE'),
(180, 'HGSSA001672', 'IXMIQUILPAN', '030', 'IXMIQUILPAN', '6', 'IGNACIO LÓPEZ RAYON'),
(181, 'HGSSA001602', 'IXMIQUILPAN', '030', 'IXMIQUILPAN', '6', 'IXMIQUILPAN'),
(182, 'HGSSA001684', 'IXMIQUILPAN', '030', 'IXMIQUILPAN', '6', 'JULIÁN VILLAGRAN'),
(183, 'HGSSA015340', 'IXMIQUILPAN', '030', 'IXMIQUILPAN', '6', 'JURISDICCION SANITARIA VI IXMIQUILPAN'),
(184, 'HGSSA001696', 'IXMIQUILPAN', '030', 'IXMIQUILPAN', '6', 'LA LAGUNITA'),
(185, 'HGSSA001701', 'IXMIQUILPAN', '030', 'IXMIQUILPAN', '6', 'MAGUEY BLANCO'),
(186, 'HGSSA001713', 'IXMIQUILPAN', '030', 'IXMIQUILPAN', '6', 'ORIZABITA'),
(187, 'HGSSA001725', 'IXMIQUILPAN', '030', 'IXMIQUILPAN', '6', 'PANALES'),
(188, 'HGSSA001730', 'IXMIQUILPAN', '030', 'IXMIQUILPAN', '6', 'PUEBLO NUEVO'),
(189, 'HGSSA001742', 'IXMIQUILPAN', '030', 'IXMIQUILPAN', '6', 'REMEDIOS'),
(190, 'HGSSA001754', 'IXMIQUILPAN', '030', 'IXMIQUILPAN', '6', 'SAN JUANICO'),
(191, 'HGSSA001766', 'IXMIQUILPAN', '030', 'IXMIQUILPAN', '6', 'TAXADHO'),
(192, 'HGSSA000161', 'ACTOPAN', '003', 'ACTOPAN', '7', 'ACTOPAN'),
(193, 'HGSSA000173', 'ACTOPAN', '003', 'ACTOPAN', '7', 'BOXAXNI'),
(194, 'HGSSA000185', 'ACTOPAN', '003', 'ACTOPAN', '7', 'BOXTHA'),
(195, 'HGSSA000190', 'ACTOPAN', '003', 'ACTOPAN', '7', 'CAÑADA CHICA ANTIGUA'),
(196, 'HGSSA004460', 'ACTOPAN', '003', 'ACTOPAN', '7', 'CAÑADA CHICA AVIACION'),
(197, 'HGSSA000202', 'ACTOPAN', '003', 'ACTOPAN', '7', 'CHICAVASCO'),
(198, 'HGSSA000214', 'ACTOPAN', '003', 'ACTOPAN', '7', 'DAJIEDHI'),
(199, 'HGSSA000231', 'ACTOPAN', '003', 'ACTOPAN', '7', 'HUAXTHO'),
(200, 'HGSSA015352', 'ACTOPAN', '003', 'ACTOPAN', '7', 'JURISDICCION SANITARIA VII ACTOPAN'),
(201, 'HGSSA000226', 'ACTOPAN', '003', 'ACTOPAN', '7', 'LA ESTANCIA'),
(202, 'HGSSA000255', 'ACTOPAN', '003', 'ACTOPAN', '7', 'SAN ANDRÉS TIANGUISTENGO'),
(203, 'HGSSA000243', 'ACTOPAN', '003', 'ACTOPAN', '7', 'SANTA MARÍA MAGDALENA'),
(204, 'HGSSA000436', 'EL ARENAL', '009', 'ACTOPAN', '7', 'ARENAL'),
(205, 'HGSSA004723', 'EL ARENAL', '009', 'ACTOPAN', '7', 'EL JIADI'),
(206, 'HGSSA000441', 'EL ARENAL', '009', 'ACTOPAN', '7', 'OJO DE AGUA SAN JOSÉ TEPENENE'),
(207, 'HGSSA000453', 'EL ARENAL', '009', 'ACTOPAN', '7', 'RINCÓN'),
(208, 'HGSSA000465', 'EL ARENAL', '009', 'ACTOPAN', '7', 'SAN JOSÉ TEPENENE TEPENENE'),
(209, 'HGSSA001211', 'FRANCISCO I. MADERO', '023', 'ACTOPAN', '7', 'DENGANTZHA'),
(210, 'HGSSA001235', 'FRANCISCO I. MADERO', '023', 'ACTOPAN', '7', 'EL ROSARÍO'),
(211, 'HGSSA001223', 'FRANCISCO I. MADERO', '023', 'ACTOPAN', '7', 'LÁZARO CÁRDENAS COLONIA EL MEXE'),
(212, 'HGSSA001240', 'FRANCISCO I. MADERO', '023', 'ACTOPAN', '7', 'SAN JUAN TEPA'),
(213, 'HGSSA001206', 'FRANCISCO I. MADERO', '023', 'ACTOPAN', '7', 'TEPATEPEC'),
(214, 'HGSSA002104', 'MIXQUIAHUALA DE JUAREZ', '041', 'ACTOPAN', '7', 'CAÑADA'),
(215, 'HGSSA004880', 'MIXQUIAHUALA DE JUAREZ', '041', 'ACTOPAN', '7', 'CENTRO DE SALUD DE MIXQUIAHUALA'),
(216, 'HGSSA002092', 'MIXQUIAHUALA DE JUAREZ', '041', 'ACTOPAN', '7', 'CENTRO DE SALUD TAXHUADA'),
(217, 'HGSSA002133', 'MIXQUIAHUALA DE JUAREZ', '041', 'ACTOPAN', '7', 'COLONIA PALMILLAS'),
(218, 'HGSSA002145', 'MIXQUIAHUALA DE JUAREZ', '041', 'ACTOPAN', '7', 'COLONIA TEÑHE'),
(219, 'HGSSA002150', 'MIXQUIAHUALA DE JUAREZ', '041', 'ACTOPAN', '7', 'COLONIA VERACRUZ'),
(220, 'HGSSA002116', 'MIXQUIAHUALA DE JUAREZ', '041', 'ACTOPAN', '7', 'JAGUEY BLANCO'),
(221, 'HGSSA002121', 'MIXQUIAHUALA DE JUAREZ', '041', 'ACTOPAN', '7', 'MOTOBATHA'),
(222, 'HGSSA002652', 'PROGRESO DE OBREGON', '050', 'ACTOPAN', '7', 'PROGRESO'),
(223, 'HGSSA002664', 'PROGRESO DE OBREGON', '050', 'ACTOPAN', '7', 'XOCHITLAN'),
(224, 'HGSSA002804', 'SAN SALVADOR', '054', 'ACTOPAN', '7', 'CAÑADA GRANDE'),
(225, 'HGSSA002874', 'SAN SALVADOR', '054', 'ACTOPAN', '7', 'CAXUXI'),
(226, 'HGSSA002816', 'SAN SALVADOR', '054', 'ACTOPAN', '7', 'DEXTHO DE VICTORIA'),
(227, 'HGSSA002891', 'SAN SALVADOR', '054', 'ACTOPAN', '7', 'EL PUERTO LÁZARO CÁRDENAS'),
(228, 'HGSSA002821', 'SAN SALVADOR', '054', 'ACTOPAN', '7', 'PACHECO DE ALLENDE'),
(229, 'HGSSA004595', 'SAN SALVADOR', '054', 'ACTOPAN', '7', 'POXINDEJE DE MORELOS'),
(230, 'HGSSA002833', 'SAN SALVADOR', '054', 'ACTOPAN', '7', 'SAN ANTONIO ZARAGOZA'),
(231, 'HGSSA002845', 'SAN SALVADOR', '054', 'ACTOPAN', '7', 'SAN MIGUEL ACAMBAY'),
(232, 'HGSSA002850', 'SAN SALVADOR', '054', 'ACTOPAN', '7', 'SANTA MARÍA AMAJAC'),
(233, 'HGSSA002862', 'SAN SALVADOR', '054', 'ACTOPAN', '7', 'TEOFANI'),
(234, 'HGSSA002886', 'SAN SALVADOR', '054', 'ACTOPAN', '7', 'XUCHITLAN'),
(235, 'HGSSA002920', 'SANTIAGO DE ANAYA', '055', 'ACTOPAN', '7', 'CERRITOS'),
(236, 'HGSSA002932', 'SANTIAGO DE ANAYA', '055', 'ACTOPAN', '7', 'EL ENCINO'),
(237, 'HGSSA002944', 'SANTIAGO DE ANAYA', '055', 'ACTOPAN', '7', 'GUERRERO'),
(238, 'HGSSA002956', 'SANTIAGO DE ANAYA', '055', 'ACTOPAN', '7', 'MEZQUITAL'),
(239, 'HGSSA002961', 'SANTIAGO DE ANAYA', '055', 'ACTOPAN', '7', 'PATRIA NUEVA'),
(240, 'HGSSA002973', 'SANTIAGO DE ANAYA', '055', 'ACTOPAN', '7', 'SANTA MONICA'),
(241, 'HGSSA002903', 'SANTIAGO DE ANAYA', '055', 'ACTOPAN', '7', 'SANTIAGO DE ANAYA'),
(242, 'HGSSA002985', 'SANTIAGO DE ANAYA', '055', 'ACTOPAN', '7', 'YOLOTEPEC'),
(243, 'HGSSA001100', 'ELOXOCHITLAN', '020', 'METZTITLAN', '8', 'ELOXOCHITLAN'),
(244, 'HGSSA001112', 'ELOXOCHITLAN', '020', 'METZTITLAN', '8', 'IZTACAPA'),
(245, 'HGSSA001124', 'ELOXOCHITLAN', '020', 'METZTITLAN', '8', 'SAN JUAN AMAJAQUE'),
(246, 'HGSSA015544', 'JUAREZ HIDALGO', '033', 'METZTITLAN', '8', 'SAN NICOLÁS COATZONTLA'),
(247, 'HGSSA001853', 'JUAREZ HIDALGO', '033', 'METZTITLAN', '8', 'SANTA MARÍA'),
(248, 'HGSSA015573', 'SAN AGUSTIN METZQUITITLAN', '036', 'METZTITLAN', '8', 'CENTRO DE SALUD RURAL DE SAN AGUSTÍN METZQUITITLAN'),
(249, 'HGSSA001935', 'METZTITLAN', '037', 'METZTITLAN', '8', 'EL CARRIZAL'),
(250, 'HGSSA001964', 'METZTITLAN', '037', 'METZTITLAN', '8', 'EL PEDREGAL DE ZARAGOZA'),
(251, 'HGSSA001976', 'METZTITLAN', '037', 'METZTITLAN', '8', 'EL PIRU TEPOZOTLAN'),
(252, 'HGSSA001940', 'METZTITLAN', '037', 'METZTITLAN', '8', 'ITZTAZACUALA'),
(253, 'HGSSA015364', 'METZTITLAN', '037', 'METZTITLAN', '8', 'JURISDICCION SANITARIA VIII METZTITLAN'),
(254, 'HGSSA001952', 'METZTITLAN', '037', 'METZTITLAN', '8', 'LA MESA GRANDE'),
(255, 'HGSSA001923', 'METZTITLAN', '037', 'METZTITLAN', '8', 'METZTITLAN'),
(256, 'HGSSA001981', 'METZTITLAN', '037', 'METZTITLAN', '8', 'SAN CRISTÓBAL'),
(257, 'HGSSA001993', 'METZTITLAN', '037', 'METZTITLAN', '8', 'SANTA MONICA AUTEMPA'),
(258, 'HGSSA002005', 'METZTITLAN', '037', 'METZTITLAN', '8', 'TLAXCO'),
(259, 'HGSSA003690', 'TLAHUILTEPA', '071', 'METZTITLAN', '8', 'AGUA DEL CUERVO'),
(260, 'HGSSA004950', 'TLAHUILTEPA', '071', 'METZTITLAN', '8', 'CENTRO DE SALUD CHICHICAXTLA'),
(261, 'HGSSA003702', 'TLAHUILTEPA', '071', 'METZTITLAN', '8', 'CERRO DEL AGUILA'),
(262, 'HGSSA003726', 'TLAHUILTEPA', '071', 'METZTITLAN', '8', 'SAN ANDRÉS MIRAFLORES'),
(263, 'HGSSA003685', 'TLAHUILTEPA', '071', 'METZTITLAN', '8', 'TLAHUILTEPA'),
(264, 'HGSSA003731', 'TLAHUILTEPA', '071', 'METZTITLAN', '8', 'XILOCUATITLA EL PUERTO DE XILOCUATITLA'),
(265, 'HGSSA000663', 'CALNALI', '014', 'MOLANGO', '9', 'CALNALI'),
(266, 'HGSSA000675', 'CALNALI', '014', 'MOLANGO', '9', 'COYULA'),
(267, 'HGSSA000680', 'CALNALI', '014', 'MOLANGO', '9', 'PAPATLATLA'),
(268, 'HGSSA000692', 'CALNALI', '014', 'MOLANGO', '9', 'PEZMATLAN'),
(269, 'HGSSA000704', 'CALNALI', '014', 'MOLANGO', '9', 'SANTA LUCIA MESA DE SANTA LUCIA'),
(270, 'HGSSA007902', 'HUAZALINGO', '026', 'MOLANGO', '9', 'CENTRO DE SALUD RURAL 01 IXTLAHUAC'),
(271, 'HGSSA001346', 'HUAZALINGO', '026', 'MOLANGO', '9', 'HUAZALINGO'),
(272, 'HGSSA001351', 'HUAZALINGO', '026', 'MOLANGO', '9', 'SAN FRANCISCO'),
(273, 'HGSSA001870', 'LOLOTLA', '034', 'MOLANGO', '9', 'CHALMA'),
(274, 'HGSSA001882', 'LOLOTLA', '034', 'MOLANGO', '9', 'CHANTASCO'),
(275, 'HGSSA001894', 'LOLOTLA', '034', 'MOLANGO', '9', 'CHICONCOAC'),
(276, 'HGSSA001865', 'LOLOTLA', '034', 'MOLANGO', '9', 'LOLOTLA'),
(277, 'HGSSA002186', 'MOLANGO DE ESCAMILLA', '042', 'MOLANGO', '9', 'ACAYUCA'),
(278, 'HGSSA002191', 'MOLANGO DE ESCAMILLA', '042', 'MOLANGO', '9', 'IXCUICUILA'),
(279, 'HGSSA015376', 'MOLANGO DE ESCAMILLA', '042', 'MOLANGO', '9', 'JURISDICCION SANITARIA IX MOLANGO'),
(280, 'HGSSA002174', 'MOLANGO DE ESCAMILLA', '042', 'MOLANGO', '9', 'MOLANGO'),
(281, 'HGSSA002203', 'MOLANGO DE ESCAMILLA', '042', 'MOLANGO', '9', 'SAN ANTONIO'),
(282, 'HGSSA004904', 'MOLANGO DE ESCAMILLA', '042', 'MOLANGO', '9', 'UNIDAD MÉDICA DE MOLANGO'),
(283, 'HGSSA003253', 'TEPEHUACAN DE GUERRERO', '062', 'MOLANGO', '9', 'ACUIMANTLA'),
(284, 'HGSSA003265', 'TEPEHUACAN DE GUERRERO', '062', 'MOLANGO', '9', 'AMOLA DE OCAMPO'),
(285, 'HGSSA003270', 'TEPEHUACAN DE GUERRERO', '062', 'MOLANGO', '9', 'AQUILASTEC'),
(286, 'HGSSA017924', 'TEPEHUACAN DE GUERRERO', '062', 'MOLANGO', '9', 'CAHUAZAZ DE MORELOS'),
(287, 'HGSSA003294', 'TEPEHUACAN DE GUERRERO', '062', 'MOLANGO', '9', 'CUAZAHUATL'),
(288, 'HGSSA003311', 'TEPEHUACAN DE GUERRERO', '062', 'MOLANGO', '9', 'LA REFORMA'),
(289, 'HGSSA003306', 'TEPEHUACAN DE GUERRERO', '062', 'MOLANGO', '9', 'PETLAPIXCA'),
(290, 'HGSSA017912', 'TEPEHUACAN DE GUERRERO', '062', 'MOLANGO', '9', 'SAN ANDRÉS'),
(291, 'HGSSA003282', 'TEPEHUACAN DE GUERRERO', '062', 'MOLANGO', '9', 'SAN MIGUEL AYOTEMPA'),
(292, 'HGSSA003323', 'TEPEHUACAN DE GUERRERO', '062', 'MOLANGO', '9', 'TAMALA'),
(293, 'HGSSA017936', 'TEPEHUACAN DE GUERRERO', '062', 'MOLANGO', '9', 'TENANGO'),
(294, 'HGSSA003241', 'TEPEHUACAN DE GUERRERO', '062', 'MOLANGO', '9', 'TEPEHUACAN DE GUERRERO'),
(295, 'HGSSA003335', 'TEPEHUACAN DE GUERRERO', '062', 'MOLANGO', '9', 'TEXCAPA DE GUERRERO'),
(296, 'HGSSA003340', 'TEPEHUACAN DE GUERRERO', '062', 'MOLANGO', '9', 'XILITLA'),
(297, 'HGSSA003352', 'TEPEHUACAN DE GUERRERO', '062', 'MOLANGO', '9', 'ZACUALTIPANITO'),
(298, 'HGSSA003772', 'TLANCHINOL', '073', 'MOLANGO', '9', 'ACAHUASCO'),
(299, 'HGSSA003784', 'TLANCHINOL', '073', 'MOLANGO', '9', 'ACATIPA'),
(300, 'HGSSA003796', 'TLANCHINOL', '073', 'MOLANGO', '9', 'CHICHATLA'),
(301, 'HGSSA003801', 'TLANCHINOL', '073', 'MOLANGO', '9', 'CHIPOCO'),
(302, 'HGSSA003825', 'TLANCHINOL', '073', 'MOLANGO', '9', 'HUITEPEC'),
(303, 'HGSSA003830', 'TLANCHINOL', '073', 'MOLANGO', '9', 'JALPA'),
(304, 'HGSSA003842', 'TLANCHINOL', '073', 'MOLANGO', '9', 'OLOTLA'),
(305, 'HGSSA003854', 'TLANCHINOL', '073', 'MOLANGO', '9', 'PILCUATLA'),
(306, 'HGSSA003813', 'TLANCHINOL', '073', 'MOLANGO', '9', 'PUEBLO HIDALGO'),
(307, 'HGSSA017690', 'TLANCHINOL', '073', 'MOLANGO', '9', 'SAN JOSÉ'),
(308, 'HGSSA003866', 'TLANCHINOL', '073', 'MOLANGO', '9', 'SANTA LUCIA'),
(309, 'HGSSA003871', 'TLANCHINOL', '073', 'MOLANGO', '9', 'SANTA MARÍA CATZOTIPAN SANTA MARÍA TEPETZINTLA'),
(310, 'HGSSA003883', 'TLANCHINOL', '073', 'MOLANGO', '9', 'TEMANGO'),
(311, 'HGSSA003760', 'TLANCHINOL', '073', 'MOLANGO', '9', 'TLANCHINOL'),
(312, 'HGSSA000523', 'ATLAPEXCO', '011', 'HUEJUTLA', '10', 'ATLAPEXCO'),
(313, 'HGSSA007851', 'ATLAPEXCO', '011', 'HUEJUTLA', '10', 'CENTRO DE SALUD RURAL-1 ATOTOMOC'),
(314, 'HGSSA000535', 'ATLAPEXCO', '011', 'HUEJUTLA', '10', 'COCHISCOATITLA'),
(315, 'HGSSA000540', 'ATLAPEXCO', '011', 'HUEJUTLA', '10', 'HUITZOTLACO'),
(316, 'HGSSA004496', 'ATLAPEXCO', '011', 'HUEJUTLA', '10', 'ITZOACAL'),
(317, 'HGSSA000552', 'ATLAPEXCO', '011', 'HUEJUTLA', '10', 'PAHACTLA'),
(318, 'HGSSA000564', 'ATLAPEXCO', '011', 'HUEJUTLA', '10', 'TECACAHUACO'),
(319, 'HGSSA000576', 'ATLAPEXCO', '011', 'HUEJUTLA', '10', 'TENEXCO I'),
(320, 'HGSSA001276', 'HUAUTLA', '025', 'HUEJUTLA', '10', 'ACATEPEC'),
(321, 'HGSSA001322', 'HUAUTLA', '025', 'HUEJUTLA', '10', 'CENTRO DE SALUD TZACUALA'),
(322, 'HGSSA001293', 'HUAUTLA', '025', 'HUEJUTLA', '10', 'CHALINGO'),
(323, 'HGSSA001281', 'HUAUTLA', '025', 'HUEJUTLA', '10', 'COATZONCO'),
(324, 'HGSSA001264', 'HUAUTLA', '025', 'HUEJUTLA', '10', 'HUAUTLA'),
(325, 'HGSSA001305', 'HUAUTLA', '025', 'HUEJUTLA', '10', 'TAMOYON I'),
(326, 'HGSSA001310', 'HUAUTLA', '025', 'HUEJUTLA', '10', 'TECOLUCO CALPAN'),
(327, 'HGSSA001334', 'HUAUTLA', '025', 'HUEJUTLA', '10', 'ZACATIPA'),
(328, 'HGSSA004962', 'HUEJUTLA DE REYES', '028', 'HUEJUTLA', '10', 'CENTRO DE SALUD HUEJUTLA'),
(329, 'HGSSA007860', 'HUEJUTLA DE REYES', '028', 'HUEJUTLA', '10', 'CENTRO DE SALUD URBANO 2 PARQUE DE POBLAMIENTO'),
(330, 'HGSSA001416', 'HUEJUTLA DE REYES', '028', 'HUEJUTLA', '10', 'CUAPAXTITLA'),
(331, 'HGSSA001421', 'HUEJUTLA DE REYES', '028', 'HUEJUTLA', '10', 'IXCATEPEC'),
(332, 'HGSSA001433', 'HUEJUTLA DE REYES', '028', 'HUEJUTLA', '10', 'IXTLÁHUAC'),
(333, 'HGSSA015381', 'HUEJUTLA DE REYES', '028', 'HUEJUTLA', '10', 'JURISDICCION SANITARIA X HUEJUTLA'),
(334, 'HGSSA001491', 'HUEJUTLA DE REYES', '028', 'HUEJUTLA', '10', 'LAS CHACAS'),
(335, 'HGSSA001445', 'HUEJUTLA DE REYES', '028', 'HUEJUTLA', '10', 'LOS OTATES'),
(336, 'HGSSA001450', 'HUEJUTLA DE REYES', '028', 'HUEJUTLA', '10', 'PAHUATLAN'),
(337, 'HGSSA004530', 'HUEJUTLA DE REYES', '028', 'HUEJUTLA', '10', 'RANCHO VIEJO'),
(338, 'HGSSA001462', 'HUEJUTLA DE REYES', '028', 'HUEJUTLA', '10', 'SANTA CATARINA'),
(339, 'HGSSA001474', 'HUEJUTLA DE REYES', '028', 'HUEJUTLA', '10', 'TEACAL'),
(340, 'HGSSA001486', 'HUEJUTLA DE REYES', '028', 'HUEJUTLA', '10', 'TEHUETLAN'),
(341, 'HGSSA001841', 'JALTOCAN', '032', 'HUEJUTLA', '10', 'JALTOCAN'),
(342, 'HGSSA002331', 'SAN FELIPE ORIZATLAN', '046', 'HUEJUTLA', '10', 'AHUATITLA'),
(343, 'HGSSA002372', 'SAN FELIPE ORIZATLAN', '046', 'HUEJUTLA', '10', 'EL CARRIZAL'),
(344, 'HGSSA002355', 'SAN FELIPE ORIZATLAN', '046', 'HUEJUTLA', '10', 'LAS PIEDRAS MICROPOLIS ECOLOGICA'),
(345, 'HGSSA002384', 'SAN FELIPE ORIZATLAN', '046', 'HUEJUTLA', '10', 'LOS HUMOS'),
(346, 'HGSSA002343', 'SAN FELIPE ORIZATLAN', '046', 'HUEJUTLA', '10', 'NEXPA'),
(347, 'HGSSA002326', 'SAN FELIPE ORIZATLAN', '046', 'HUEJUTLA', '10', 'SAN FELIPE ORIZATLAN'),
(348, 'HGSSA002360', 'SAN FELIPE ORIZATLAN', '046', 'HUEJUTLA', '10', 'TALOL'),
(349, 'HGSSA004163', 'XOCHIATIPAN', '078', 'HUEJUTLA', '10', 'ATLALCO'),
(350, 'HGSSA004175', 'XOCHIATIPAN', '078', 'HUEJUTLA', '10', 'CHIAPA'),
(351, 'HGSSA004180', 'XOCHIATIPAN', '078', 'HUEJUTLA', '10', 'IXTACZOQUICO'),
(352, 'HGSSA004192', 'XOCHIATIPAN', '078', 'HUEJUTLA', '10', 'OHUATIPA'),
(353, 'HGSSA004204', 'XOCHIATIPAN', '078', 'HUEJUTLA', '10', 'PACHIQUITLA'),
(354, 'HGSSA004250', 'YAHUALICA', '080', 'HUEJUTLA', '10', 'ATLALCO'),
(355, 'HGSSA004245', 'YAHUALICA', '080', 'HUEJUTLA', '10', 'EL ARENAL'),
(356, 'HGSSA004262', 'YAHUALICA', '080', 'HUEJUTLA', '10', 'OXELOCO'),
(357, 'HGSSA004274', 'YAHUALICA', '080', 'HUEJUTLA', '10', 'TETLA'),
(358, 'HGSSA004286', 'YAHUALICA', '080', 'HUEJUTLA', '10', 'TLALCHIYAHUALICA'),
(359, 'HGSSA004291', 'YAHUALICA', '080', 'HUEJUTLA', '10', 'XOCHITL'),
(360, 'HGSSA004233', 'YAHUALICA', '080', 'HUEJUTLA', '10', 'YAHUALICA'),
(361, 'HGSSA000371', 'ALMOLOYA', '007', 'APAN', '11', 'ALMOLOYA'),
(362, 'HGSSA000383', 'ALMOLOYA', '007', 'APAN', '11', 'EL TEPOZAN'),
(363, 'HGSSA007935', 'APAN', '008', 'APAN', '11', 'CENTRO DE SALUD APAN'),
(364, 'HGSSA000400', 'APAN', '008', 'APAN', '11', 'CHIMALPA TLALAYOTE'),
(365, 'HGSSA015393', 'APAN', '008', 'APAN', '11', 'JURISDICCION SANITARIA XI APAN'),
(366, 'HGSSA015590', 'APAN', '008', 'APAN', '11', 'LA LAGUNA'),
(367, 'HGSSA000412', 'APAN', '008', 'APAN', '11', 'SAN JOSÉ JIQUILPAN'),
(368, 'HGSSA000424', 'APAN', '008', 'APAN', '11', 'ZOTOLUCA VELOZ'),
(369, 'HGSSA001136', 'EMILIANO ZAPATA', '021', 'APAN', '11', 'EMILIANO ZAPATA'),
(370, 'HGSSA001165', 'EMILIANO ZAPATA', '021', 'APAN', '11', 'JOSÉ MARÍA MORELOS SAN JOSÉ'),
(371, 'HGSSA001141', 'EMILIANO ZAPATA', '021', 'APAN', '11', 'SANTA BÁRBARA'),
(372, 'HGSSA001153', 'EMILIANO ZAPATA', '021', 'APAN', '11', 'SANTA CLARA PROGRESO'),
(373, 'HGSSA007920', 'TEPEAPULCO', '061', 'APAN', '11', 'CENTRO DE SALUD TEPEAPULCO'),
(374, 'HGSSA003212', 'TEPEAPULCO', '061', 'APAN', '11', 'IROLO'),
(375, 'HGSSA003200', 'TEPEAPULCO', '061', 'APAN', '11', 'LOS CIDES'),
(376, 'HGSSA003224', 'TEPEAPULCO', '061', 'APAN', '11', 'SAN MIGUEL ALLENDE'),
(377, 'HGSSA003236', 'TEPEAPULCO', '061', 'APAN', '11', 'TULTENGO'),
(378, 'HGSSA003755', 'TLANALAPA', '072', 'APAN', '11', 'CHICONCUAC'),
(379, 'HGSSA003743', 'TLANALAPA', '072', 'APAN', '11', 'TLANALAPA'),
(380, 'HGSSA003492', 'VILLA DE TEZONTEPEC', '066', 'TIZAYUCA', '12', 'BENITO JUÁREZ'),
(381, 'HGSSA003480', 'VILLA DE TEZONTEPEC', '066', 'TIZAYUCA', '12', 'TEZONTEPEC'),
(382, 'HGSSA003620', 'TIZAYUCA', '069', 'TIZAYUCA', '12', 'EL CID'),
(383, 'HGSSA003615', 'TIZAYUCA', '069', 'TIZAYUCA', '12', 'HUITZILA'),
(384, 'HGSSA015405', 'TIZAYUCA', '069', 'TIZAYUCA', '12', 'JURISDICCION SANITARIA XII TIZAYUCA'),
(385, 'HGSSA003644', 'TIZAYUCA', '069', 'TIZAYUCA', '12', 'LAS PLAZAS'),
(386, 'HGSSA003632', 'TIZAYUCA', '069', 'TIZAYUCA', '12', 'TEPOJACO'),
(387, 'HGSSA003603', 'TIZAYUCA', '069', 'TIZAYUCA', '12', 'TIZAYUCA'),
(388, 'HGSSA003936', 'TOLCAYUCA', '075', 'TIZAYUCA', '12', 'GENERAL FELIPE ÁNGELES LOS ÁNGELES'),
(389, 'HGSSA003924', 'TOLCAYUCA', '075', 'TIZAYUCA', '12', 'TOLCAYUCA'),
(390, 'HGSSA004344', 'ZAPOTLAN DE JUAREZ', '082', 'TIZAYUCA', '12', 'ACAYUCA'),
(391, 'HGSSA004706', 'ZAPOTLAN DE JUAREZ', '082', 'TIZAYUCA', '12', 'SAN PEDRO HUAQUILPAN'),
(392, 'HGSSA017644', 'ZAPOTLAN DE JUAREZ', '082', 'TIZAYUCA', '12', 'ZAPOTLAN DE JUÁREZ'),
(393, 'HGSSA004385', 'ZEMPOALA', '083', 'TIZAYUCA', '12', 'JAGUEY DE TELLEZ ESTACIÓN TELLEZ'),
(394, 'HGSSA004361', 'ZEMPOALA', '083', 'TIZAYUCA', '12', 'SAN GABRIEL AZTECA'),
(395, 'HGSSA004373', 'ZEMPOALA', '083', 'TIZAYUCA', '12', 'SANTO TOMÁS'),
(396, 'HGSSA004356', 'ZEMPOALA', '083', 'TIZAYUCA', '12', 'ZEMPOALA'),
(397, 'HGSSA000062', 'ACAXOCHITLAN', '002', 'OTOMI TEPEHUA', '13', 'ACAXOCHITLÁN'),
(398, 'HGSSA000144', 'ACAXOCHITLAN', '002', 'OTOMI TEPEHUA', '13', 'CHIMALAPA'),
(399, 'HGSSA000074', 'ACAXOCHITLAN', '002', 'OTOMI TEPEHUA', '13', 'LA MESA'),
(400, 'HGSSA000086', 'ACAXOCHITLAN', '002', 'OTOMI TEPEHUA', '13', 'LOS REYES'),
(401, 'HGSSA000091', 'ACAXOCHITLAN', '002', 'OTOMI TEPEHUA', '13', 'SAN MATEO'),
(402, 'HGSSA000103', 'ACAXOCHITLAN', '002', 'OTOMI TEPEHUA', '13', 'SAN MIGUEL EL RESGATE'),
(403, 'HGSSA000115', 'ACAXOCHITLAN', '002', 'OTOMI TEPEHUA', '13', 'SAN PEDRO TLACHICHILCO'),
(404, 'HGSSA000120', 'ACAXOCHITLAN', '002', 'OTOMI TEPEHUA', '13', 'TLAMIMILOLPA'),
(405, 'HGSSA000132', 'ACAXOCHITLAN', '002', 'OTOMI TEPEHUA', '13', 'ZACACUAUTLA'),
(406, 'HGSSA000260', 'AGUA BLANCA DE ITURBIDE', '004', 'OTOMI TEPEHUA', '13', 'AGUA BLANCA ITURBIDE'),
(407, 'HGSSA000272', 'AGUA BLANCA DE ITURBIDE', '004', 'OTOMI TEPEHUA', '13', 'CHICHICAXTLE'),
(408, 'HGSSA000284', 'AGUA BLANCA DE ITURBIDE', '004', 'OTOMI TEPEHUA', '13', 'EJIDO DE PALIZAR'),
(409, 'HGSSA017953', 'HUEHUETLA', '027', 'OTOMI TEPEHUA', '13', 'CS SAN LORENZO ACHIOTEPEC'),
(410, 'HGSSA001380', 'HUEHUETLA', '027', 'OTOMI TEPEHUA', '13', 'EL PARAÍSO'),
(411, 'HGSSA001363', 'HUEHUETLA', '027', 'OTOMI TEPEHUA', '13', 'HUEHUETLA'),
(412, 'HGSSA001375', 'HUEHUETLA', '027', 'OTOMI TEPEHUA', '13', 'LA ESPERANZA NUMERO UNO'),
(413, 'HGSSA001392', 'HUEHUETLA', '027', 'OTOMI TEPEHUA', '13', 'SAN AMBROSIO'),
(414, 'HGSSA001906', 'METEPEC', '035', 'OTOMI TEPEHUA', '13', 'METEPEC'),
(415, 'HGSSA007911', 'SAN BARTOLO TUTOTEPEC', '053', 'OTOMI TEPEHUA', '13', 'CENTRO DE SALUD SAN BARTOLO TUTOTEPEC'),
(416, 'HGSSA015410', 'SAN BARTOLO TUTOTEPEC', '053', 'OTOMI TEPEHUA', '13', 'JURISDICCION SANITARIA XIII OTOMI-TEPEHUA'),
(417, 'HGSSA002763', 'SAN BARTOLO TUTOTEPEC', '053', 'OTOMI TEPEHUA', '13', 'SAN ANDRÉS'),
(418, 'HGSSA002775', 'SAN BARTOLO TUTOTEPEC', '053', 'OTOMI TEPEHUA', '13', 'SAN MATEO'),
(419, 'HGSSA002780', 'SAN BARTOLO TUTOTEPEC', '053', 'OTOMI TEPEHUA', '13', 'SANTA CRUZ'),
(420, 'HGSSA002792', 'SAN BARTOLO TUTOTEPEC', '053', 'OTOMI TEPEHUA', '13', 'SANTIAGO'),
(421, 'HGSSA003166', 'TENANGO DE DORIA', '060', 'OTOMI TEPEHUA', '13', 'EL BOPO'),
(422, 'HGSSA003171', 'TENANGO DE DORIA', '060', 'OTOMI TEPEHUA', '13', 'SAN PABLO EL GRANDE'),
(423, 'HGSSA003183', 'TENANGO DE DORIA', '060', 'OTOMI TEPEHUA', '13', 'SANTA MARÍA TEMAXCALAPA'),
(424, 'HGSSA003154', 'TENANGO DE DORIA', '060', 'OTOMI TEPEHUA', '13', 'TENANGO DE DORIA'),
(425, 'HGSSA007842', 'AJACUBA', '005', 'TEPEJI', '14', 'AJACUBA'),
(426, 'HGSSA000313', 'AJACUBA', '005', 'TEPEJI', '14', 'SAN NICOLÁS TECOMATLAN'),
(427, 'HGSSA004711', 'AJACUBA', '005', 'TEPEJI', '14', 'VICENTE GUERRERO'),
(428, 'HGSSA000470', 'ATITALAQUIA', '010', 'TEPEJI', '14', 'ATITALAQUIA'),
(429, 'HGSSA007824', 'ATITALAQUIA', '010', 'TEPEJI', '14', 'CARDONAL'),
(430, 'HGSSA004472', 'ATITALAQUIA', '010', 'TEPEJI', '14', 'COL.DENDHO'),
(431, 'HGSSA015643', 'ATITALAQUIA', '010', 'TEPEJI', '14', 'CSR BARRIO DENDHO'),
(432, 'HGSSA004484', 'ATITALAQUIA', '010', 'TEPEJI', '14', 'TABLON'),
(433, 'HGSSA007833', 'ATITALAQUIA', '010', 'TEPEJI', '14', 'TEZOQUIPA'),
(434, 'HGSSA000506', 'ATITALAQUIA', '010', 'TEPEJI', '14', 'TLAMACO'),
(435, 'HGSSA000622', 'ATOTONILCO DE TULA', '013', 'TEPEJI', '14', 'ATOTONILCO DE TULA'),
(436, 'HGSSA000646', 'ATOTONILCO DE TULA', '013', 'TEPEJI', '14', 'EL REFUGIO'),
(437, 'HGSSA000634', 'ATOTONILCO DE TULA', '013', 'TEPEJI', '14', 'PROGRESO EL DE ATOTONILCO DE TULA'),
(438, 'HGSSA000651', 'ATOTONILCO DE TULA', '013', 'TEPEJI', '14', 'VITO'),
(439, 'HGSSA003376', 'TEPEJI DEL RIO DE OCAMPO', '063', 'TEPEJI', '14', 'MELCHOR OCAMPO EL SALTO'),
(440, 'HGSSA003381', 'TEPEJI DEL RIO DE OCAMPO', '063', 'TEPEJI', '14', 'SAN IGNACIO NOPALA'),
(441, 'HGSSA003393', 'TEPEJI DEL RIO DE OCAMPO', '063', 'TEPEJI', '14', 'SAN ILDEFONSO'),
(442, 'HGSSA017982', 'TEPEJI DEL RIO DE OCAMPO', '063', 'TEPEJI', '14', 'SANTA MARÍA MAGDALENA'),
(443, 'HGSSA003405', 'TEPEJI DEL RIO DE OCAMPO', '063', 'TEPEJI', '14', 'SANTA MARÍA QUELITES'),
(444, 'HGSSA003410', 'TEPEJI DEL RIO DE OCAMPO', '063', 'TEPEJI', '14', 'SANTIAGO TLAPANALOYA'),
(445, 'HGSSA003364', 'TEPEJI DEL RIO DE OCAMPO', '063', 'TEPEJI', '14', 'TLAXINACALPAN TEPEJI DE OCAMPO'),
(446, 'HGSSA003463', 'TETEPANGO', '065', 'TEPEJI', '14', 'TETEPANGO'),
(447, 'HGSSA003475', 'TETEPANGO', '065', 'TEPEJI', '14', 'ULAPA DE MELCHOR OCAMPO'),
(448, 'HGSSA003900', 'TLAXCOAPAN', '074', 'TEPEJI', '14', 'DOXEY'),
(449, 'HGSSA007731', 'TLAXCOAPAN', '074', 'TEPEJI', '14', 'JURISDICCION SANITARIA XIV TEPEJI'),
(450, 'HGSSA003912', 'TLAXCOAPAN', '074', 'TEPEJI', '14', 'TELTIPAN DE JUÁREZ'),
(451, 'HGSSA003895', 'TLAXCOAPAN', '074', 'TEPEJI', '14', 'TLAXCOAPAN'),
(452, 'HGSSA000016', 'ACATLAN', '001', 'ATOTONILCO', '15', 'ACATLÁN'),
(453, 'HGSSA000021', 'ACATLAN', '001', 'ATOTONILCO', '15', 'ALCHOLOYA EL SALTO'),
(454, 'HGSSA000050', 'ACATLAN', '001', 'ATOTONILCO', '15', 'COL. 28 DE MAYO SANTA ROSA'),
(455, 'HGSSA000033', 'ACATLAN', '001', 'ATOTONILCO', '15', 'SAN BARTOLO'),
(456, 'HGSSA000045', 'ACATLAN', '001', 'ATOTONILCO', '15', 'SAN DIONISIO'),
(457, 'HGSSA007944', 'ATOTONILCO EL GRANDE', '012', 'ATOTONILCO', '15', 'CENTRO DE SALUD LEOPOLDO SANTILLAN SOBERANES'),
(458, 'HGSSA005073', 'ATOTONILCO EL GRANDE', '012', 'ATOTONILCO', '15', 'CENTRO DE SALUD SANTA MARÍA AMAJAC'),
(459, 'HGSSA000593', 'ATOTONILCO EL GRANDE', '012', 'ATOTONILCO', '15', 'CERRO COLORADO'),
(460, 'HGSSA007755', 'ATOTONILCO EL GRANDE', '012', 'ATOTONILCO', '15', 'JURISDICCION SANITARIA XV ATOTONILCO'),
(461, 'HGSSA000605', 'ATOTONILCO EL GRANDE', '012', 'ATOTONILCO', '15', 'LOS SABINOS'),
(462, 'HGSSA001252', 'HUASCA DE OCAMPO', '024', 'ATOTONILCO', '15', 'HUASCA'),
(463, 'HGSSA017965', 'MINERAL DEL CHICO', '038', 'ATOTONILCO', '15', 'BENITO JUÁREZ'),
(464, 'HGSSA002022', 'MINERAL DEL CHICO', '038', 'ATOTONILCO', '15', 'CAPULA'),
(465, 'HGSSA002034', 'MINERAL DEL CHICO', '038', 'ATOTONILCO', '15', 'CARBONERAS'),
(466, 'HGSSA002046', 'MINERAL DEL CHICO', '038', 'ATOTONILCO', '15', 'ESTANZUELA'),
(467, 'HGSSA002010', 'MINERAL DEL CHICO', '038', 'ATOTONILCO', '15', 'MINERAL DEL CHICO'),
(468, 'HGSSA002051', 'MINERAL DEL CHICO', '038', 'ATOTONILCO', '15', 'SAN SEBASTIAN CAPULINES'),
(469, 'HGSSA002302', 'OMITLAN DE JUAREZ', '045', 'ATOTONILCO', '15', 'OMITLAN'),
(470, 'HGSSA002314', 'OMITLAN DE JUAREZ', '045', 'ATOTONILCO', '15', 'SAN ANTONIO EL PASO'),
(471, 'HGSSA000996', 'CHAPULHUACAN', '018', 'JACALA', '16', 'CAHUAZAS HACIENDA DE CAHUAZAS'),
(472, 'HGSSA000984', 'CHAPULHUACAN', '018', 'JACALA', '16', 'CHAPULHUACAN'),
(473, 'HGSSA001001', 'CHAPULHUACAN', '018', 'JACALA', '16', 'MIAHUATLA'),
(474, 'HGSSA001013', 'CHAPULHUACAN', '018', 'JACALA', '16', 'SAN RAFAEL'),
(475, 'HGSSA001025', 'CHAPULHUACAN', '018', 'JACALA', '16', 'SANTA ANA DE ALLENDE'),
(476, 'HGSSA001030', 'CHAPULHUACAN', '018', 'JACALA', '16', 'SAUCILLO SAUCILLO AGUA NUEVA'),
(477, 'HGSSA001042', 'CHAPULHUACAN', '018', 'JACALA', '16', 'SOLEDAD DEL COYOL'),
(478, 'HGSSA001812', 'JACALA DE LEDEZMA', '031', 'JACALA', '16', 'COÑECITO'),
(479, 'HGSSA001800', 'JACALA DE LEDEZMA', '031', 'JACALA', '16', 'JACALA'),
(480, 'HGSSA007740', 'JACALA DE LEDEZMA', '031', 'JACALA', '16', 'JURISDICCION SANITARIA XVI JACALA'),
(481, 'HGSSA001824', 'JACALA DE LEDEZMA', '031', 'JACALA', '16', 'QUETZALAPA'),
(482, 'HGSSA001836', 'JACALA DE LEDEZMA', '031', 'JACALA', '16', 'SANTO DOMINGO'),
(483, 'HGSSA002080', 'LA MISION', '040', 'JACALA', '16', 'JACALILLA'),
(484, 'HGSSA002075', 'LA MISION', '040', 'JACALA', '16', 'LA MISION'),
(485, 'HGSSA007671', 'LA MISION', '040', 'JACALA', '16', 'PUERTO DE NARANJOS'),
(486, 'HGSSA002623', 'PISAFLORES', '049', 'JACALA', '16', 'GARGANTILLA'),
(487, 'HGSSA002635', 'PISAFLORES', '049', 'JACALA', '16', 'GUAYABOS'),
(488, 'HGSSA002640', 'PISAFLORES', '049', 'JACALA', '16', 'LA PEÑA'),
(489, 'HGSSA002611', 'PISAFLORES', '049', 'JACALA', '16', 'PISAFLORES'),
(490, 'HGSSA003562', 'TIANGUISTENGO', '068', 'ZACUALTIPAN', '17', 'ATECOXCO'),
(491, 'HGSSA003574', 'TIANGUISTENGO', '068', 'ZACUALTIPAN', '17', 'COAMELCO'),
(492, 'HGSSA003586', 'TIANGUISTENGO', '068', 'ZACUALTIPAN', '17', 'TEXACAL'),
(493, 'HGSSA003550', 'TIANGUISTENGO', '068', 'ZACUALTIPAN', '17', 'TIANGUISTENGO'),
(494, 'HGSSA003591', 'TIANGUISTENGO', '068', 'ZACUALTIPAN', '17', 'XOCHIMILCO'),
(495, 'HGSSA004221', 'XOCHICOATLAN', '079', 'ZACUALTIPAN', '17', 'TLAXCOYA'),
(496, 'HGSSA004216', 'XOCHICOATLAN', '079', 'ZACUALTIPAN', '17', 'XOCHICOATLAN'),
(497, 'HGSSA004315', 'ZACUALTIPAN DE ANGELES', '081', 'ZACUALTIPAN', '17', 'COATLILA'),
(498, 'HGSSA004320', 'ZACUALTIPAN DE ANGELES', '081', 'ZACUALTIPAN', '17', 'JALAPA'),
(499, 'HGSSA007722', 'ZACUALTIPAN DE ANGELES', '081', 'ZACUALTIPAN', '17', 'JURISDICCION SANITARIA XVII ZACUALTIPAN'),
(500, 'HGSSA004303', 'ZACUALTIPAN DE ANGELES', '081', 'ZACUALTIPAN', '17', 'ZACUALTIPAN'),
(501, 'SIN CLUES', 'PENDIENTE DE ASIGNAR', '000', 'PENDIENTE DE ASIGNAR', '0', 'PENDIENTE DE ASIGNAR');

-- --------------------------------------------------------

--
-- Estructura de tabla para la tabla `cat_tipo_vestuario`
--

CREATE TABLE `cat_tipo_vestuario` (
  `idtipovest` int(10) UNSIGNED NOT NULL,
  `tipo_uniforme` varchar(50) COLLATE utf8_spanish_ci NOT NULL,
  `prenda_sup` int(10) UNSIGNED NOT NULL,
  `prenda_inf` int(10) UNSIGNED NOT NULL,
  `calzado` int(10) NOT NULL
) ENGINE=InnoDB DEFAULT CHARSET=utf8 COLLATE=utf8_spanish_ci;

--
-- Volcado de datos para la tabla `cat_tipo_vestuario`
--

INSERT INTO `cat_tipo_vestuario` (`idtipovest`, `tipo_uniforme`, `prenda_sup`, `prenda_inf`, `calzado`) VALUES
(1, 'ALMACENISTA', 1, 0, 0),
(2, 'ARCHIVO', 1, 0, 0),
(3, 'CHOFER', 1, 1, 1),
(4, 'DIETISTA', 1, 0, 0),
(5, 'ENFERMERA', 1, 1, 0),
(6, 'INTENDENCIA', 1, 0, 0),
(7, 'LABORATORISTARAYOSX', 1, 0, 0),
(8, 'LAVANDERIA', 1, 0, 0),
(9, 'MANTENIMIENTO', 1, 1, 1),
(10, 'MEDICO', 1, 0, 0),
(11, 'TAPS', 1, 1, 0),
(12, 'TRABAJO SOCIAL', 1, 0, 0);

-- --------------------------------------------------------

--
-- Estructura de tabla para la tabla `cat_vest2021`
--

CREATE TABLE `cat_vest2021` (
  `idvest2021` int(10) UNSIGNED NOT NULL,
  `rfc` varchar(18) COLLATE utf8_spanish_ci NOT NULL,
  `nombre` varchar(255) COLLATE utf8_spanish_ci NOT NULL,
  `desc_codigo` varchar(500) COLLATE utf8_spanish_ci NOT NULL,
  `idareasvest` int(10) UNSIGNED NOT NULL,
  `tipo_contratacion` varchar(255) COLLATE utf8_spanish_ci NOT NULL,
  `codigo` varchar(255) COLLATE utf8_spanish_ci NOT NULL,
  `funcion` varchar(255) COLLATE utf8_spanish_ci NOT NULL,
  `idtipovest` int(10) UNSIGNED NOT NULL,
  `talla_prenda_sup` int(10) UNSIGNED NOT NULL DEFAULT '0',
  `talla_prenda_inf` int(10) UNSIGNED NOT NULL DEFAULT '0',
  `talla_calzado` int(10) UNSIGNED NOT NULL DEFAULT '0',
  `genero` int(10) UNSIGNED NOT NULL,
  `idclues` int(10) UNSIGNED NOT NULL DEFAULT '501'
) ENGINE=InnoDB DEFAULT CHARSET=utf8 COLLATE=utf8_spanish_ci;

--
-- Volcado de datos para la tabla `cat_vest2021`
--

INSERT INTO `cat_vest2021` (`idvest2021`, `rfc`, `nombre`, `desc_codigo`, `idareasvest`, `tipo_contratacion`, `codigo`, `funcion`, `idtipovest`, `talla_prenda_sup`, `talla_prenda_inf`, `talla_calzado`, `genero`, `idclues`) VALUES
(1, 'RANY720426A86', 'RAMOS NIETO YOLANDA NOHEMI', 'PROFESIONAL EN TRABAJO SOCIAL EN AREA MEDICA A', 2, 'BASE', 'M02110', 'COORD. DE TAMIZ NEONATAL      ', 12, 0, 0, 0, 0, 501),
(2, 'RACL680910HR1', 'RANGEL CANO LETICIA', 'SUPERVISORA PROFESIONAL EN TRABAJO SOCIAL EN AREA MEDICA C', 3, 'BASE', 'M02112', 'RESP. DE EVAL. Y SEGUIMIENTO  ', 12, 0, 0, 0, 0, 501),
(3, 'ROBL7302178F7', 'RODRIGUEZ BAHENA LETICIA', 'TRABAJADORA SOCIAL EN AREA MEDICA  A', 4, 'BASE', 'M02040', 'APOYO A PROGRAMA MEDICO       ', 12, 0, 0, 0, 0, 501),
(4, 'RORF791121EI2', 'RODRIGUEZ RIVERO FELIPE', 'ENFERMERA JEFE DE SERVICIO', 5, 'BASE', 'M02031', 'APOYO A PROGRAMA MEDICO       ', 5, 0, 0, 0, 0, 501),
(5, 'RODL720610F57', 'ROMERO DIAZ LETICIA', 'ENFERMERA JEFE DE SERVICIO', 6, 'BASE', 'M02031', 'COORD. ESTATAL DE VACUNACION  ', 5, 0, 0, 0, 0, 501),
(6, 'ROHF530407C67', 'ROMERO HOYOS JOSE FRANCISCO', 'APOYO ADMINISTRATIVO EN SALUD - A3', 7, 'BASE', 'M03023', 'CHOFER                        ', 3, 0, 0, 0, 0, 501),
(7, 'SOBM4704251L1', 'SOLIS BONILLA MANUEL', 'MEDICO ESPECIALISTA A', 8, 'BASE', 'M01004', 'RESP. EST. PROG. TUBERCULOSIS ', 10, 0, 0, 0, 0, 501),
(8, 'ZAZE5606266I1', 'ZAMBRANO ZARATE EDUARDO JOSE DE JESUS', 'MEDICO ESPECIALISTA A', 9, 'BASE', 'M01004', 'MEDICO GENERAL                ', 10, 0, 0, 0, 0, 501),
(9, 'CUIM810403NM2', 'CUEVAS IBARRA MARTHA ELENA', 'PSICOLOGO CLINICO', 10, 'FORMALIZADO', 'M02015', 'POR CAPTURAR                  ', 10, 0, 0, 0, 0, 501),
(10, 'DOGF750129FV8', 'DORANTES GALINDO FRANCISCO EDMUNDO', 'APOYO ADMINISTRATIVO EN SALUD - A1', 11, 'FORMALIZADO', 'M03025', 'CHOFER                        ', 3, 0, 0, 0, 0, 501),
(11, 'HEHV850307657', 'HERNANDEZ HERNANDEZ VICTOR ALONSO', 'MEDICO GENERAL A', 12, 'FORMALIZADO', 'M01006', 'MEDICO GENERAL                ', 10, 0, 0, 0, 0, 501),
(12, 'HERE590522P33', 'HERNANDEZ RAMIREZ EMILIA', 'APOYO ADMINISTRATIVO EN SALUD - A1', 13, 'FORMALIZADO', 'M03025', 'INTENDENCIA                   ', 6, 0, 0, 0, 0, 501),
(13, 'HEVF760624A57', 'HERNANDEZ VARGAS FERNANDO', 'APOYO ADMINISTRATIVO EN SALUD - A1', 14, 'FORMALIZADO', 'M03025', 'CHOFER                        ', 3, 0, 0, 0, 0, 501),
(14, 'LAGL600919PZ0', 'LARA GUZMAN MARIA DE LA LUZ', 'APOYO ADMINISTRATIVO EN SALUD - A1', 15, 'FORMALIZADO', 'M03025', 'INTENDENCIA                   ', 6, 0, 0, 0, 0, 501),
(15, 'PECA800405756', 'PEÑA CALVA ALMA GICELA', 'CIRUJANO DENTISTA A', 16, 'FORMALIZADO', 'M01007', 'POR CAPTURAR                  ', 10, 0, 0, 0, 0, 501),
(16, 'AUGM830223NC1', 'AGUILAR GARCIA MARTHA ESMIRNA', 'TRABAJADORA SOCIAL EN AREA MEDICA  A', 17, 'REGULARIZADO', 'M02040', 'SUPERVISOR MEDICO             ', 12, 0, 0, 0, 0, 501),
(17, 'AIOK750610H4A', 'AVILA OLVERA KARINA ALELI', 'MEDICO GENERAL A', 18, 'REGULARIZADO', 'M01006', 'MEDICO GENERAL                ', 10, 0, 0, 0, 0, 501),
(18, 'BABR771003BF4', 'BAUTISTA BAUTISTA MARIA DEL ROSARIO', 'OFICIAL Y/O PREP. DESPACHADOR DE FARMACIA', 19, 'REGULARIZADO', 'M02038', 'RESP. ENLACE CON ALMACEN CENTR', 1, 0, 0, 0, 0, 501),
(19, 'CEMF630311GI8', 'CERON MARTINEZ FERNANDO', 'ENFERMERA GENERAL TITULADA A', 20, 'REGULARIZADO', 'M02035', 'RESP. EST. PROG. RED/TAES ENFE', 5, 0, 0, 0, 0, 501),
(20, 'CUFB7511299E3', 'CUENCA FLORES BLANCA ESTELA', 'OFICIAL Y/O PREP. DESPACHADOR DE FARMACIA', 21, 'REGULARIZADO', 'M02038', 'APOYO TECNICO                 ', 1, 0, 0, 0, 0, 501),
(21, 'MEHG7601165UA', 'MERCADO HERNANDEZ GABRIELA', 'AUXILIAR DE ENFERMERIA A', 22, 'REGULARIZADO', 'M02036', 'COORD. DE MASTOGRAFIAS        ', 5, 0, 0, 0, 0, 501),
(22, 'MEPG5701134S6', 'MERCADO PONTAZA GUMESINDO DAVID', 'APOYO ADMINISTRATIVO EN SALUD - A1', 23, 'REGULARIZADO', 'M03025', 'CHOFER                        ', 3, 0, 0, 0, 0, 501),
(23, 'MORL8012102W4', 'MORA RAMIREZ JOSE LUIS', 'MEDICO GENERAL A', 24, 'REGULARIZADO', 'M01006', 'JEFE DE DEPARTAMENTO          ', 10, 0, 0, 0, 0, 501),
(24, 'SURS750807IK8', 'SUAREZ RAMOS SERGIO', 'MEDICO GENERAL A', 24, 'REGULARIZADO', 'M01006', 'COORD. DE PLANIFICACION FAMILI', 10, 0, 0, 0, 0, 501),
(25, 'VELP780313995', 'VEGA LOPEZ PATRICIA', 'PROMOTOR EN SALUD', 1, 'REGULARIZADO', 'M03004', 'COORDINADOR TECNICO           ', 12, 0, 0, 0, 0, 501),
(26, 'AAVJ570510CM4', 'ALFARO VARELA JOSE', 'MEDICO GENERAL A', 2, 'BASE', 'M01006', 'JEFE JURISDICCIONAL ', 10, 0, 0, 0, 0, 501),
(27, 'AIRJ580911K45', 'AVILA RAMIREZ JACINTO', 'PARAMEDICA', 3, 'CONFIANZA', 'CF41038', 'SUPERV. DE ACCION COMUNITARIA DE P.A.P.A.', 10, 0, 0, 0, 0, 501),
(28, 'CAMM541023CRA', 'CAMACHO MENDOZA MIGUEL', 'PARAMEDICA', 4, 'CONFIANZA', 'CF41075', 'COORD. PARAMEDICO EN AREA NORMATIVA A', 10, 0, 0, 0, 0, 501),
(29, 'GAMM7002014J5', 'GARCIA MARTINEZ MARCO ANTONIO', 'MEDICA', 5, 'CONFIANZA', 'CF41015', 'COORD. MEDICO EN AREA NORMATIVA A', 10, 0, 0, 0, 0, 501),
(30, 'GEOL711202UR3', 'GRESS ORTEGA LUIS RENE', 'PARAMEDICA', 6, 'CONFIANZA', 'CF41076', 'COORD. PARAMEDICO EN AREA NORMATIVA B', 10, 0, 0, 0, 0, 501),
(31, 'HERB770817K35', 'HERNANDEZ RAMIREZ BASILIA', 'MEDICA', 7, 'CONFIANZA', 'CF41040', 'SUPERV. MEDICO EN AREA NORMATIVA', 10, 0, 0, 0, 0, 501),
(32, 'HERR600407UP4', 'HERNANDEZ RODRIGUEZ ROSA ELENA', 'MEDICA', 8, 'CONFIANZA', 'CF41002', 'JEFE DE UNIDAD DE ATENCION MEDICA B', 10, 0, 0, 0, 0, 501),
(33, 'JIRI791120TK4', 'JIMENEZ RODRIGUEZ IRMA', 'ENFERMERIA', 9, 'CONFIANZA', 'CF41024', 'JEFE DE ENFERMERAS A', 5, 0, 0, 0, 0, 501),
(34, 'MUGM6211078S7', 'MUÑOZ GARCIA MARCO ANTONIO', 'MEDICA', 10, 'CONFIANZA', 'CF41015', 'COORD. MEDICO EN AREA NORMATIVA A', 10, 0, 0, 0, 0, 501),
(35, 'SACC620416G71', 'SALDAÑA CASTILLO CECILIA', 'MEDICA', 11, 'CONFIANZA', 'CF41015', 'COORD. MEDICO EN AREA NORMATIVA A', 10, 0, 0, 0, 0, 501),
(36, 'SARB660728VA4', 'SANCHEZ REYES BEATRIZ ADRIANA', 'MEDICA', 12, 'CONFIANZA', 'CF41040', 'SUPERV. MEDICO EN AREA NORMATIVA', 10, 0, 0, 0, 0, 501),
(37, 'UIPB791031JH9', 'URIBE PEREZ BRENDA EVELYN', 'PARAMEDICA', 13, 'REGULARIZADO ', 'M02015', 'PSICOLOGO CLINICO', 10, 0, 0, 0, 0, 501),
(38, 'ZAFG750414NN1', 'ZARATE FLORES GUADALUPE', 'PARAMEDICA', 14, 'CONFIANZA', 'CF41075', 'COORD. PARAMEDICO EN AREA NORMATIVA A', 10, 0, 0, 0, 0, 501),
(39, 'MOBC720717F75', 'MONTOYA BALLESTEROS CLAUDIA GABRIELA ', 'MEDICA', 15, 'CONFIANZA', 'CF41015', 'COORD. MEDICO EN AREA NORMATIVA A', 10, 0, 0, 0, 0, 501),
(40, 'TERE6809299A5', 'TREJO RUIZ ENRIQUE JAVIER', 'MEDICA', 16, 'CONFIANZA', 'CF41015', 'COORD. MEDICO EN AREA NORMATIVA A', 10, 0, 0, 0, 0, 501);

--
-- Índices para tablas volcadas
--

--
-- Indices de la tabla `cat_areas_vestuario`
--
ALTER TABLE `cat_areas_vestuario`
  ADD PRIMARY KEY (`idareasvest`) USING BTREE;

--
-- Indices de la tabla `cat_clues_vest`
--
ALTER TABLE `cat_clues_vest`
  ADD PRIMARY KEY (`idclues`) USING BTREE;

--
-- Indices de la tabla `cat_tipo_vestuario`
--
ALTER TABLE `cat_tipo_vestuario`
  ADD PRIMARY KEY (`idtipovest`) USING BTREE;

--
-- Indices de la tabla `cat_vest2021`
--
ALTER TABLE `cat_vest2021`
  ADD PRIMARY KEY (`idvest2021`) USING BTREE,
  ADD KEY `cat_vest2021_fk_1` (`idareasvest`),
  ADD KEY `cat_vest2021_fk_2` (`idtipovest`),
  ADD KEY `cat_vest2021_fk_3` (`idclues`);

--
-- AUTO_INCREMENT de las tablas volcadas
--

--
-- AUTO_INCREMENT de la tabla `cat_areas_vestuario`
--
ALTER TABLE `cat_areas_vestuario`
  MODIFY `idareasvest` int(10) UNSIGNED NOT NULL AUTO_INCREMENT, AUTO_INCREMENT=25;

--
-- AUTO_INCREMENT de la tabla `cat_clues_vest`
--
ALTER TABLE `cat_clues_vest`
  MODIFY `idclues` int(10) UNSIGNED NOT NULL AUTO_INCREMENT, AUTO_INCREMENT=502;

--
-- AUTO_INCREMENT de la tabla `cat_tipo_vestuario`
--
ALTER TABLE `cat_tipo_vestuario`
  MODIFY `idtipovest` int(10) UNSIGNED NOT NULL AUTO_INCREMENT, AUTO_INCREMENT=25;

--
-- AUTO_INCREMENT de la tabla `cat_vest2021`
--
ALTER TABLE `cat_vest2021`
  MODIFY `idvest2021` int(10) UNSIGNED NOT NULL AUTO_INCREMENT, AUTO_INCREMENT=41;

--
-- Restricciones para tablas volcadas
--

--
-- Filtros para la tabla `cat_vest2021`
--
ALTER TABLE `cat_vest2021`
  ADD CONSTRAINT `cat_vest2021_fk_1` FOREIGN KEY (`idareasvest`) REFERENCES `cat_areas_vestuario` (`idareasvest`),
  ADD CONSTRAINT `cat_vest2021_fk_2` FOREIGN KEY (`idtipovest`) REFERENCES `cat_tipo_vestuario` (`idtipovest`),
  ADD CONSTRAINT `cat_vest2021_fk_3` FOREIGN KEY (`idclues`) REFERENCES `cat_clues_vest` (`idclues`);
COMMIT;

/*!40101 SET CHARACTER_SET_CLIENT=@OLD_CHARACTER_SET_CLIENT */;
/*!40101 SET CHARACTER_SET_RESULTS=@OLD_CHARACTER_SET_RESULTS */;
/*!40101 SET COLLATION_CONNECTION=@OLD_COLLATION_CONNECTION */;
